Symbol,yahoo_symbol,name,etf,test_issue,source
AAL,AAL,"American Airlines Group, Inc. - Common Stock",False,False,nasdaq
AAOI,AAOI,"Applied Optoelectronics, Inc. - Common Stock",False,False,nasdaq
AAON,AAON,"AAON, Inc. - Common Stock",False,False,nasdaq
AAPL,AAPL,Apple Inc. - Common Stock,False,False,nasdaq
ABNB,ABNB,"Airbnb, Inc. - Class A Common Stock",False,False,nasdaq
ACAD,ACAD,ACADIA Pharmaceuticals Inc. - Common Stock,False,False,nasdaq
ACGL,ACGL,Arch Capital Group Ltd. - Common Stock,False,False,nasdaq
ACIW,ACIW,"ACI Worldwide, Inc. - Common Stock",False,False,nasdaq
ACLS,ACLS,"Axcelis Technologies, Inc. - Common Stock",False,False,nasdaq
ACMR,ACMR,"ACM Research, Inc. - Class A Common Stock",False,False,nasdaq
ACT,ACT,"Enact Holdings, Inc. - Common Stock",False,False,nasdaq
ADBE,ADBE,Adobe Inc. - Common Stock,False,False,nasdaq
ADEA,ADEA,Adeia Inc.  - Common Stock,False,False,nasdaq
ADP,ADP,"Automatic Data Processing, Inc. - Common Stock",False,False,nasdaq
ADPT,ADPT,Adaptive Biotechnologies Corporation - Common Stock,False,False,nasdaq
ADSK,ADSK,"Autodesk, Inc. - Common Stock",False,False,nasdaq
AEHR,AEHR,Aehr Test Systems - Common Stock,False,False,nasdaq
AEIS,AEIS,"Advanced Energy Industries, Inc. - Common Stock",False,False,nasdaq
AEP,AEP,"American Electric Power Company, Inc. - Common Stock",False,False,nasdaq
AFRM,AFRM,"Affirm Holdings, Inc. - Class A Common Stock",False,False,nasdaq
AGYS,AGYS,"Agilysys, Inc. - Common Stock",False,False,nasdaq
AKAM,AKAM,"Akamai Technologies, Inc. - Common Stock",False,False,nasdaq
ALAB,ALAB,"Astera Labs, Inc. - Common Stock",False,False,nasdaq
ALGM,ALGM,"Allegro MicroSystems, Inc. - Common Stock",False,False,nasdaq
ALGN,ALGN,"Align Technology, Inc. - Common Stock",False,False,nasdaq
ALKS,ALKS,Alkermes plc - Ordinary Shares,False,False,nasdaq
ALM,ALM,Almonty Industries Inc. - Common Shares,False,False,nasdaq
ALMS,ALMS,Alumis Inc. - Common Stock,False,False,nasdaq
ALNY,ALNY,"Alnylam Pharmaceuticals, Inc. - Common Stock",False,False,nasdaq
AMAT,AMAT,"Applied Materials, Inc. - Common Stock",False,False,nasdaq
AMBA,AMBA,"Ambarella, Inc. - Ordinary Shares",False,False,nasdaq
AMD,AMD,"Advanced Micro Devices, Inc. - Common Stock",False,False,nasdaq
AMGN,AMGN,Amgen Inc. - Common Stock,False,False,nasdaq
AMKR,AMKR,"Amkor Technology, Inc. - Common Stock",False,False,nasdaq
AMRX,AMRX,"Amneal Pharmaceuticals, Inc. - Class A Common Stock",False,False,nasdaq
AMZN,AMZN,"Amazon.com, Inc. - Common Stock",False,False,nasdaq
APA,APA,APA Corporation - Common Stock,False,False,nasdaq
APGE,APGE,"Apogee Therapeutics, Inc. - Common Stock",False,False,nasdaq
APLD,APLD,Applied Digital Corporation - Common Stock,False,False,nasdaq
APP,APP,Applovin Corporation - Class A Common Stock,False,False,nasdaq
APPF,APPF,"AppFolio, Inc. - Class A Common Stock",False,False,nasdaq
ARCB,ARCB,ArcBest Corporation - Common Stock,False,False,nasdaq
ARQT,ARQT,"Arcutis Biotherapeutics, Inc. - Common stock",False,False,nasdaq
ARWR,ARWR,"Arrowhead Pharmaceuticals, Inc. - Common Stock",False,False,nasdaq
ARXS,ARXS,"Arxis, Inc. - Class A Common Stock",False,False,nasdaq
ASND,ASND,Ascendis Pharma A/S - Ordinary Share,False,False,nasdaq
ASTS,ASTS,"AST SpaceMobile, Inc. - Class A Common Stock",False,False,nasdaq
ATRO,ATRO,Astronics Corporation - Common Stock,False,False,nasdaq
AUGO,AUGO,Aura Minerals Inc. - Common Shares,False,False,nasdaq
AVAV,AVAV,"AeroVironment, Inc. - Common Stock",False,False,nasdaq
AVGO,AVGO,Broadcom Inc. - Common Stock,False,False,nasdaq
AVT,AVT,"Avnet, Inc. - Common Stock",False,False,nasdaq
AXON,AXON,"Axon Enterprise, Inc. - Common Stock",False,False,nasdaq
AXSM,AXSM,"Axsome Therapeutics, Inc. - Common Stock",False,False,nasdaq
AXTI,AXTI,AXT Inc - Common Stock,False,False,nasdaq
AYA,AYA,Aya Gold & Silver Inc. - Common Shares,False,False,nasdaq
BANF,BANF,BancFirst Corporation - Common Stock,False,False,nasdaq
BATRA,BATRA,"Atlanta Braves Holdings, Inc. - Series A Common Stock",False,False,nasdaq
BATRK,BATRK,"Atlanta Braves Holdings, Inc. - Series C Common Stock",False,False,nasdaq
BBIO,BBIO,"BridgeBio Pharma, Inc. - Common Stock",False,False,nasdaq
BCPC,BCPC,Balchem Corporation - Common Stock,False,False,nasdaq
BELFA,BELFA,Bel Fuse Inc. - Class A Common Stock,False,False,nasdaq
BELFB,BELFB,Bel Fuse Inc. - Class B Common Stock,False,False,nasdaq
BHF,BHF,"Brighthouse Financial, Inc. - Common Stock",False,False,nasdaq
BIIB,BIIB,Biogen Inc. - Common Stock,False,False,nasdaq
BKNG,BKNG,Booking Holdings Inc. - Common Stock,False,False,nasdaq
BKR,BKR,Baker Hughes Company - Common Stock,False,False,nasdaq
BLLN,BLLN,"BillionToOne, Inc. - Class A common stock",False,False,nasdaq
BMRN,BMRN,BioMarin Pharmaceutical Inc. - Common Stock,False,False,nasdaq
BOKF,BOKF,BOK Financial Corporation - Common Stock,False,False,nasdaq
BPOP,BPOP,"Popular, Inc. - Common Stock",False,False,nasdaq
BRKR,BRKR,Bruker Corporation - Common Stock,False,False,nasdaq
BRZE,BRZE,"Braze, Inc. - Class A Common Stock",False,False,nasdaq
BSP,BSP,Bending Spoons S.p.A. - Ordinary Shares,False,False,nasdaq
BSY,BSY,"Bentley Systems, Incorporated - Class B Common Stock",False,False,nasdaq
BTSG,BTSG,"BrightSpring Health Services, Inc. - Common Stock",False,False,nasdaq
BWIN,BWIN,"The Baldwin Insurance Group, Inc. - Class A Common Stock",False,False,nasdaq
CACC,CACC,Credit Acceptance Corporation - Common Stock,False,False,nasdaq
CAE,CAE,CAE Inc - Common Shares,False,False,nasdaq
CAI,CAI,"Caris Life Sciences, Inc. - Common Stock",False,False,nasdaq
CAKE,CAKE,The Cheesecake Factory Incorporated - Common Stock,False,False,nasdaq
CALM,CALM,"Cal-Maine Foods, Inc. - Common Stock",False,False,nasdaq
CAMT,CAMT,Camtek Ltd. - Ordinary Shares,False,False,nasdaq
CAR,CAR,"Avis Budget Group, Inc. - Common Stock",False,False,nasdaq
CARG,CARG,"CarGurus, Inc. - Class A Common Stock",False,False,nasdaq
CART,CART,Maplebear Inc. - Common Stock,False,False,nasdaq
CASY,CASY,"Caseys General Stores, Inc. - Common Stock",False,False,nasdaq
CATY,CATY,Cathay General Bancorp - Common Stock,False,False,nasdaq
CBC,CBC,"Central Bancompany, Inc. - Class A Common Stock",False,False,nasdaq
CBRS,CBRS,Cerebras Systems Inc. - Class A Common Stock,False,False,nasdaq
CBSH,CBSH,"Commerce Bancshares, Inc. - Common Stock",False,False,nasdaq
CCEP,CCEP,Coca-Cola Europacific Partners plc - Ordinary Shares,False,False,nasdaq
CDNS,CDNS,"Cadence Design Systems, Inc. - Common Stock",False,False,nasdaq
CDW,CDW,CDW Corporation - Common Stock,False,False,nasdaq
CECO,CECO,CECO Environmental Corp. - Common Stock,False,False,nasdaq
CEG,CEG,Constellation Energy Corporation - Common Stock When-Issued,False,False,nasdaq
CELC,CELC,Celcuity Inc. - Common Stock,False,False,nasdaq
CELH,CELH,"Celsius Holdings, Inc. - Common Stock",False,False,nasdaq
CENX,CENX,Century Aluminum Company - Common Stock,False,False,nasdaq
CG,CG,The Carlyle Group Inc. - Common Stock,False,False,nasdaq
CGNX,CGNX,Cognex Corporation - Common Stock,False,False,nasdaq
CGON,CGON,"CG Oncology, Inc. - Common stock",False,False,nasdaq
CHDN,CHDN,"Churchill Downs, Incorporated - Common Stock",False,False,nasdaq
CHEF,CHEF,"The Chefs' Warehouse, Inc. - Common Stock",False,False,nasdaq
CHKP,CHKP,Check Point Software Technologies Ltd. - Ordinary Shares,False,False,nasdaq
CHRD,CHRD,Chord Energy Corporation - Common Stock,False,False,nasdaq
CHRN,CHRN,ChronoScale Holdings Corporation - Common Stock,False,False,nasdaq
CHRW,CHRW,"C.H. Robinson Worldwide, Inc. - Common Stock",False,False,nasdaq
CHTR,CHTR,"Charter Communications, Inc. - Class A Common Stock",False,False,nasdaq
CHYM,CHYM,"Chime Financial, Inc. - Class A Common Stock",False,False,nasdaq
CIFR,CIFR,Cipher Digital Inc. - Common Stock,False,False,nasdaq
CINF,CINF,Cincinnati Financial Corporation - Common Stock,False,False,nasdaq
CLDX,CLDX,"Celldex Therapeutics, Inc. - Common Stock",False,False,nasdaq
CLMT,CLMT,"Calumet, Inc - Common Stock",False,False,nasdaq
CLSK,CLSK,"CleanSpark, Inc. - Common Stock",False,False,nasdaq
CMCSA,CMCSA,Comcast Corporation - Class A Common Stock,False,False,nasdaq
CME,CME,CME Group Inc. - Class A Common Stock,False,False,nasdaq
COCO,COCO,"The Vita Coco Company, Inc. - Common Stock",False,False,nasdaq
COGT,COGT,"Cogent Biosciences, Inc. - Common Stock",False,False,nasdaq
COIN,COIN,"Coinbase Global, Inc. - Class A Common Stock",False,False,nasdaq
COKE,COKE,"Coca-Cola Consolidated, Inc. - Common Stock",False,False,nasdaq
COLB,COLB,"Columbia Banking System, Inc. - Common Stock",False,False,nasdaq
CORT,CORT,Corcept Therapeutics Incorporated - Common Stock,False,False,nasdaq
CORZ,CORZ,"Core Scientific, Inc. - Common Stock",False,False,nasdaq
COST,COST,Costco Wholesale Corporation - Common Stock,False,False,nasdaq
CPRT,CPRT,"Copart, Inc. - Common Stock",False,False,nasdaq
CRDO,CRDO,Credo Technology Group Holding Ltd - Ordinary Shares,False,False,nasdaq
CRNX,CRNX,"Crinetics Pharmaceuticals, Inc. - Common Stock",False,False,nasdaq
CROX,CROX,"Crocs, Inc. - Common Stock",False,False,nasdaq
CRSP,CRSP,CRISPR Therapeutics AG - Common Shares,False,False,nasdaq
CRUS,CRUS,"Cirrus Logic, Inc. - Common Stock",False,False,nasdaq
CRVL,CRVL,CorVel Corp. - Common Stock,False,False,nasdaq
CRWD,CRWD,"CrowdStrike Holdings, Inc. - Class A Common Stock",False,False,nasdaq
CRWV,CRWV,"CoreWeave, Inc. - Class A Common Stock",False,False,nasdaq
CSCO,CSCO,"Cisco Systems, Inc. - Common Stock",False,False,nasdaq
CSGP,CSGP,"CoStar Group, Inc. - Common Stock",False,False,nasdaq
CSX,CSX,CSX Corporation - Common Stock,False,False,nasdaq
CTAS,CTAS,Cintas Corporation - Common Stock,False,False,nasdaq
CTSH,CTSH,Cognizant Technology Solutions Corporation - Class A Common Stock,False,False,nasdaq
CVBF,CVBF,CVB Financial Corporation - Common Stock,False,False,nasdaq
CVCO,CVCO,"Cavco Industries, Inc. - Common Stock",False,False,nasdaq
CVLT,CVLT,"Commvault Systems, Inc. - Common Stock",False,False,nasdaq
CWST,CWST,"Casella Waste Systems, Inc. - Class A Common Stock",False,False,nasdaq
CYTK,CYTK,"Cytokinetics, Incorporated - Common Stock",False,False,nasdaq
CZR,CZR,"Caesars Entertainment, Inc. - Common Stock",False,False,nasdaq
DASH,DASH,"DoorDash, Inc. - Common Stock",False,False,nasdaq
DAVE,DAVE,Dave Inc.  - Class A Common Stock,False,False,nasdaq
DBX,DBX,"Dropbox, Inc. - Class A Common Stock",False,False,nasdaq
DDOG,DDOG,"Datadog, Inc. - Class A Common Stock",False,False,nasdaq
DFTX,DFTX,"Definium Therapeutics, Inc.  - Common Shares",False,False,nasdaq
DGII,DGII,Digi International Inc. - Common Stock,False,False,nasdaq
DIOD,DIOD,Diodes Incorporated - Common Stock,False,False,nasdaq
DKNG,DKNG,DraftKings Inc. - Class A Common Stock,False,False,nasdaq
DLO,DLO,DLocal Limited - Class A Common Shares,False,False,nasdaq
DLTR,DLTR,"Dollar Tree, Inc. - Common Stock",False,False,nasdaq
DNLI,DNLI,Denali Therapeutics Inc. - Common Stock,False,False,nasdaq
DNTH,DNTH,"Dianthus Therapeutics, Inc. - Common Stock",False,False,nasdaq
DOCU,DOCU,"DocuSign, Inc. - Common Stock",False,False,nasdaq
DOO,DOO,BRP Inc. - Common Subordinate Voting Shares,False,False,nasdaq
DORM,DORM,"Dorman Products, Inc. - Common Stock",False,False,nasdaq
DPZ,DPZ,Domino's Pizza Inc - Common Stock,False,False,nasdaq
DRS,DRS,"Leonardo DRS, Inc. - Common Stock",False,False,nasdaq
DSGX,DSGX,The Descartes Systems Group Inc. - Common Stock,False,False,nasdaq
DUOL,DUOL,"Duolingo, Inc. - Class A Common Stock",False,False,nasdaq
DXCM,DXCM,"DexCom, Inc. - Common Stock",False,False,nasdaq
DXPE,DXPE,"DXP Enterprises, Inc. - Common Stock",False,False,nasdaq
DYN,DYN,"Dyne Therapeutics, Inc. - Common Stock",False,False,nasdaq
EBAY,EBAY,eBay Inc. - Common Stock,False,False,nasdaq
EBC,EBC,"Eastern Bankshares, Inc. - Common Stock",False,False,nasdaq
ECHO,ECHO,EchoStar Corporation - Common stock,False,False,nasdaq
NMIH,NMIH,NMI Holdings Inc - Common Stock,False,False,nasdaq
NMRK,NMRK,"Newmark Group, Inc. - Class A Common Stock",False,False,nasdaq
NN,NN,NextNav Inc. - Common stock,False,False,nasdaq
NOVT,NOVT,Novanta Inc. - Common Shares,False,False,nasdaq
NSIT,NSIT,"Insight Enterprises, Inc. - Common Stock",False,False,nasdaq
NTAP,NTAP,"NetApp, Inc. - Common Stock",False,False,nasdaq
NTNX,NTNX,"Nutanix, Inc. - Class A Common Stock",False,False,nasdaq
NTRA,NTRA,"Natera, Inc. - Common Stock",False,False,nasdaq
NTSK,NTSK,"Netskope, Inc. - Class A Common Stock",False,False,nasdaq
NVDA,NVDA,NVIDIA Corporation - Common Stock,False,False,nasdaq
NVMI,NVMI,Nova Ltd. - Ordinary Shares,False,False,nasdaq
NVTS,NVTS,Navitas Semiconductor Corporation - Common Stock,False,False,nasdaq
NWE,NWE,"NorthWestern Energy Group, Inc.  - Common Stock",False,False,nasdaq
NWS,NWS,News Corporation - Class B Common Stock,False,False,nasdaq
NWSA,NWSA,News Corporation - Class A Common Stock,False,False,nasdaq
NXPI,NXPI,NXP Semiconductors N.V. - Common Stock,False,False,nasdaq
NXST,NXST,"Nexstar Media Group, Inc. - Common Stock",False,False,nasdaq
NXT,NXT,Nextpower Inc. - Class A Common Stock,False,False,nasdaq
OCTV,OCTV,Octave Intelligence plc - Class B Ordinary Shares,False,False,nasdaq
ODFL,ODFL,"Old Dominion Freight Line, Inc. - Common Stock",False,False,nasdaq
OKTA,OKTA,"Okta, Inc. - Class A Common Stock",False,False,nasdaq
OLED,OLED,Universal Display Corporation - Common Stock,False,False,nasdaq
OLLI,OLLI,"Ollie's Bargain Outlet Holdings, Inc. - Common Stock",False,False,nasdaq
ON,ON,ON Semiconductor Corporation - Common Stock,False,False,nasdaq
ONB,ONB,Old National Bancorp - Common Stock,False,False,nasdaq
OPCH,OPCH,"Option Care Health, Inc. - Common Stock",False,False,nasdaq
ORKA,ORKA,"Oruka Therapeutics, Inc. - Common Stock",False,False,nasdaq
ORLY,ORLY,"O'Reilly Automotive, Inc. - Common Stock",False,False,nasdaq
OSIS,OSIS,"OSI Systems, Inc. - Common Stock",False,False,nasdaq
OTEX,OTEX,Open Text Corporation - Common Shares,False,False,nasdaq
OTTR,OTTR,Otter Tail Corporation - Common Stock,False,False,nasdaq
OUST,OUST,"Ouster, Inc. - Common Stock",False,False,nasdaq
OZK,OZK,Bank OZK - Common Stock,False,False,nasdaq
PAGP,PAGP,"Plains GP Holdings, L.P. - Class A Shares representing limited partner interests",False,False,nasdaq
PANW,PANW,"Palo Alto Networks, Inc. - Common Stock",False,False,nasdaq
PAYX,PAYX,"Paychex, Inc. - Common Stock",False,False,nasdaq
PBLS,PBLS,"Parabilis Medicines, Inc. - Common Stock",False,False,nasdaq
PCAR,PCAR,PACCAR Inc. - Common Stock,False,False,nasdaq
PCTY,PCTY,Paylocity Holding Corporation - Common Stock,False,False,nasdaq
PCVX,PCVX,"Vaxcyte, Inc. - Common Stock",False,False,nasdaq
PECO,PECO,"Phillips Edison & Company, Inc. - Common Stock",False,False,nasdaq
PEGA,PEGA,Pegasystems Inc. - Common Stock,False,False,nasdaq
PENG,PENG,"Penguin Solutions, Inc. - Common Stock",False,False,nasdaq
PEP,PEP,"PepsiCo, Inc. - Common Stock",False,False,nasdaq
PFG,PFG,Principal Financial Group Inc - Common Stock,False,False,nasdaq
PI,PI,"Impinj, Inc. - Common Stock",False,False,nasdaq
PLMR,PLMR,"Palomar Holdings, Inc. - Common stock",False,False,nasdaq
PLSE,PLSE,"Pulse Biosciences, Inc - Common Stock",False,False,nasdaq
PLTR,PLTR,Palantir Technologies Inc. - Class A Common Stock,False,False,nasdaq
PLXS,PLXS,Plexus Corp. - Common Stock,False,False,nasdaq
PODD,PODD,Insulet Corporation - Common Stock,False,False,nasdaq
POOL,POOL,Pool Corporation - Common Stock,False,False,nasdaq
POWI,POWI,"Power Integrations, Inc. - Common Stock",False,False,nasdaq
POWL,POWL,"Powell Industries, Inc. - Common Stock",False,False,nasdaq
PPC,PPC,Pilgrim's Pride Corporation - Common Stock,False,False,nasdaq
PPLI,PPLI,People Incorporated - Common Stock,False,False,nasdaq
PPTA,PPTA,Perpetua Resources Corp. - Common Shares,False,False,nasdaq
PRAX,PRAX,"Praxis Precision Medicines, Inc. - Common Stock",False,False,nasdaq
PSMT,PSMT,"PriceSmart, Inc. - Common Stock",False,False,nasdaq
PTC,PTC,PTC Inc. - Common Stock,False,False,nasdaq
PTCT,PTCT,"PTC Therapeutics, Inc. - Common Stock",False,False,nasdaq
PTGX,PTGX,"Protagonist Therapeutics, Inc. - Common Stock",False,False,nasdaq
PTRN,PTRN,Pattern Group Inc. - Series A Common Stock,False,False,nasdaq
PYPL,PYPL,"PayPal Holdings, Inc. - Common Stock",False,False,nasdaq
QBTS,QBTS,D-Wave Quantum Inc. - Common Stock,False,False,nasdaq
QCOM,QCOM,QUALCOMM Incorporated - Common Stock,False,False,nasdaq
QLYS,QLYS,"Qualys, Inc. - Common Stock",False,False,nasdaq
QNT,QNT,Quantinuum Inc. - Class A Common Stock,False,False,nasdaq
QRVO,QRVO,"Qorvo, Inc. - Common Stock",False,False,nasdaq
QURE,QURE,uniQure N.V. - Ordinary Shares,False,False,nasdaq
RDNT,RDNT,"RadNet, Inc. - Common Stock",False,False,nasdaq
REG,REG,Regency Centers Corporation - Common Stock,False,False,nasdaq
REGN,REGN,"Regeneron Pharmaceuticals, Inc. - Common Stock",False,False,nasdaq
RELY,RELY,"Remitly Global, Inc. - Common stock",False,False,nasdaq
REYN,REYN,Reynolds Consumer Products Inc. - Common Stock,False,False,nasdaq
RGEN,RGEN,Repligen Corporation - Common Stock,False,False,nasdaq
RGLD,RGLD,"Royal Gold, Inc. - Common Stock",False,False,nasdaq
RGTI,RGTI,"Rigetti Computing, Inc.  - Common stock",False,False,nasdaq
RIOT,RIOT,"Riot Platforms, Inc. - Common Stock",False,False,nasdaq
RIVN,RIVN,"Rivian Automotive, Inc. - Class A Common Stock",False,False,nasdaq
RKLB,RKLB,Rocket Lab Corporation - Common Stock,False,False,nasdaq
RLAY,RLAY,"Relay Therapeutics, Inc. - Common Stock",False,False,nasdaq
RMBS,RMBS,"Rambus, Inc. - Common Stock",False,False,nasdaq
ROAD,ROAD,"Construction Partners, Inc. - Common Stock",False,False,nasdaq
ROIV,ROIV,Roivant Sciences Ltd. - Common Shares,False,False,nasdaq
ROKU,ROKU,"Roku, Inc. - Class A Common Stock",False,False,nasdaq
ROP,ROP,"Roper Technologies, Inc. - Common Stock",False,False,nasdaq
ROST,ROST,"Ross Stores, Inc. - Common Stock",False,False,nasdaq
RPRX,RPRX,Royalty Pharma plc - Class A Ordinary Shares,False,False,nasdaq
RRR,RRR,"Red Rock Resorts, Inc. - Class A Common Stock",False,False,nasdaq
RUSHA,RUSHA,"Rush Enterprises, Inc. - Class A Common Stock",False,False,nasdaq
RUSHB,RUSHB,"Rush Enterprises, Inc. - Class B Common Stock",False,False,nasdaq
RVMD,RVMD,"Revolution Medicines, Inc. - Common Stock",False,False,nasdaq
RYTM,RYTM,"Rhythm Pharmaceuticals, Inc. - Common Stock",False,False,nasdaq
SAIA,SAIA,"Saia, Inc. - Common Stock",False,False,nasdaq
SAIC,SAIC,Science Applications International Corporation - Common Stock,False,False,nasdaq
SAIL,SAIL,"SailPoint, Inc. - Common Stock",False,False,nasdaq
SANM,SANM,Sanmina Corporation - Common Stock,False,False,nasdaq
SBAC,SBAC,SBA Communications Corporation - Class A Common Stock,False,False,nasdaq
SBCF,SBCF,Seacoast Banking Corporation of Florida - Common Stock,False,False,nasdaq
SBLK,SBLK,Star Bulk Carriers Corp. - Common Shares,False,False,nasdaq
SBRA,SBRA,"Sabra Health Care REIT, Inc. - Common Stock",False,False,nasdaq
SBUX,SBUX,Starbucks Corporation - Common Stock,False,False,nasdaq
SEIC,SEIC,SEI Investments Company - Common Stock,False,False,nasdaq
SEZL,SEZL,Sezzle Inc. - Common Stock,False,False,nasdaq
SFD,SFD,"Smithfield Foods, Inc. - Common Stock",False,False,nasdaq
SFM,SFM,"Sprouts Farmers Market, Inc. - Common Stock",False,False,nasdaq
SFNC,SFNC,Simmons First National Corporation - Common Stock,False,False,nasdaq
SHC,SHC,Sotera Health Company - Common Stock,False,False,nasdaq
SHOO,SHOO,"Steven Madden, Ltd. - Common Stock",False,False,nasdaq
SHOP,SHOP,Shopify Inc. - Class A Subordinate Voting Shares,False,False,nasdaq
SIGI,SIGI,"Selective Insurance Group, Inc. - Common Stock",False,False,nasdaq
SIRI,SIRI,SiriusXM Holdings Inc. - Common Stock,False,False,nasdaq
SITM,SITM,SiTime Corporation - Common Stock,False,False,nasdaq
SKYW,SKYW,"SkyWest, Inc. - Common Stock",False,False,nasdaq
SLAB,SLAB,"Silicon Laboratories, Inc. - Common Stock",False,False,nasdaq
SLM,SLM,SLM Corporation - Common Stock,False,False,nasdaq
SMCI,SMCI,"Super Micro Computer, Inc. - Common Stock",False,False,nasdaq
SMMT,SMMT,Summit Therapeutics Inc.  - Common Stock,False,False,nasdaq
SMTC,SMTC,Semtech Corporation - Common Stock,False,False,nasdaq
SNDK,SNDK,Sandisk Corporation - Common Stock When-Issued,False,False,nasdaq
SNEX,SNEX,StoneX Group Inc. - Common Stock,False,False,nasdaq
SNPS,SNPS,"Synopsys, Inc. - Common Stock",False,False,nasdaq
SOFI,SOFI,"SoFi Technologies, Inc.  - Common Stock",False,False,nasdaq
SOLS,SOLS,Solstice Advanced Materials Inc. - Common Stock,False,False,nasdaq
SPCX,SPCX,Space Exploration Technologies Corp. - Class A Common Stock,False,False,nasdaq
SRAD,SRAD,Sportradar Group AG - Class A Ordinary Shares,False,False,nasdaq
SRRK,SRRK,Scholar Rock Holding Corporation - Common Stock,False,False,nasdaq
SSNC,SSNC,"SS&C Technologies Holdings, Inc. - Common Stock",False,False,nasdaq
SSRM,SSRM,SSR Mining Inc. - Common Stock,False,False,nasdaq
STEP,STEP,StepStone Group Inc. - Class A Common Stock,False,False,nasdaq
STLD,STLD,"Steel Dynamics, Inc. - Common Stock",False,False,nasdaq
STRL,STRL,"Sterling Infrastructure, Inc. - Common Stock",False,False,nasdaq
STX,STX,Seagate Technology Holdings PLC - Ordinary Shares (Ireland),False,False,nasdaq
SWKS,SWKS,"Skyworks Solutions, Inc. - Common Stock",False,False,nasdaq
SYM,SYM,Symbotic Inc. - Class A Common Stock,False,False,nasdaq
SYNA,SYNA,Synaptics Incorporated - Common Stock,False,False,nasdaq
SYRE,SYRE,"Spyre Therapeutics, Inc. - Common Stock",False,False,nasdaq
TARS,TARS,"Tarsus Pharmaceuticals, Inc. - Common Stock",False,False,nasdaq
TCBI,TCBI,"Texas Capital Bancshares, Inc. - Common Stock",False,False,nasdaq
TEAM,TEAM,Atlassian Corporation  - Class A Common Stock,False,False,nasdaq
TECH,TECH,Bio-Techne Corp - Common Stock,False,False,nasdaq
TEM,TEM,"Tempus AI, Inc. - Class A Common Stock",False,False,nasdaq
TENB,TENB,"Tenable Holdings, Inc. - Common Stock",False,False,nasdaq
TER,TER,"Teradyne, Inc. - Common Stock",False,False,nasdaq
TFSL,TFSL,TFS Financial Corporation - Common Stock,False,False,nasdaq
TGTX,TGTX,"TG Therapeutics, Inc. - Common Stock",False,False,nasdaq
TIGO,TIGO,Millicom International Cellular S.A. - Common Stock,False,False,nasdaq
TLN,TLN,Talen Energy Corporation - Common Stock,False,False,nasdaq
TMDX,TMDX,"TransMedics Group, Inc. - Common Stock",False,False,nasdaq
TMUS,TMUS,"T-Mobile US, Inc. - Common Stock",False,False,nasdaq
TNGX,TNGX,"Tango Therapeutics, Inc. - Common Stock",False,False,nasdaq
TOWN,TOWN,Towne Bank - Common Stock,False,False,nasdaq
TPG,TPG,TPG Inc. - Class A Common Stock,False,False,nasdaq
TRI,TRI,Thomson Reuters Corp - Common Shares,False,False,nasdaq
TRMB,TRMB,Trimble Inc. - Common Stock,False,False,nasdaq
TRMD,TRMD,TORM plc - Class A Common Stock,False,False,nasdaq
TROW,TROW,"T. Rowe Price Group, Inc. - Common Stock",False,False,nasdaq
TSCO,TSCO,Tractor Supply Company - Common Stock,False,False,nasdaq
TSEM,TSEM,Tower Semiconductor Ltd. - Ordinary Shares,False,False,nasdaq
TSLA,TSLA,"Tesla, Inc.  - Common Stock",False,False,nasdaq
TTAN,TTAN,"ServiceTitan, Inc. - Class A Common Stock",False,False,nasdaq
TTD,TTD,"The Trade Desk, Inc. - Class A Common Stock",False,False,nasdaq
TTEK,TTEK,"Tetra Tech, Inc. - Common Stock",False,False,nasdaq
TTMI,TTMI,"TTM Technologies, Inc. - Common Stock",False,False,nasdaq
TTWO,TTWO,"Take-Two Interactive Software, Inc. - Common Stock",False,False,nasdaq
TVTX,TVTX,"Travere Therapeutics, Inc. - Common Stock",False,False,nasdaq
TW,TW,Tradeweb Markets Inc. - Class A Common Stock,False,False,nasdaq
TWST,TWST,Twist Bioscience Corporation - Common Stock,False,False,nasdaq
TXG,TXG,"10x Genomics, Inc. - Common Stock",False,False,nasdaq
TXN,TXN,Texas Instruments Incorporated - Common Stock,False,False,nasdaq
TXRH,TXRH,"Texas Roadhouse, Inc. - Common Stock",False,False,nasdaq
UCTT,UCTT,"Ultra Clean Holdings, Inc. - Common Stock",False,False,nasdaq
UFPI,UFPI,"UFP Industries, Inc. - Common Stock",False,False,nasdaq
ULTA,ULTA,"Ulta Beauty, Inc. - Common Stock",False,False,nasdaq
UMBF,UMBF,UMB Financial Corporation - Common Stock,False,False,nasdaq
URBN,URBN,"Urban Outfitters, Inc. - Common Stock",False,False,nasdaq
USAR,USAR,"USA Rare Earth, Inc. - Common Stock",False,False,nasdaq
VCTR,VCTR,"Victory Capital Holdings, Inc. - Common Stock",False,False,nasdaq
VCYT,VCYT,"Veracyte, Inc. - Common Stock",False,False,nasdaq
VECO,VECO,Veeco Instruments Inc. - Common Stock,False,False,nasdaq
VIAV,VIAV,Viavi Solutions Inc. - Common Stock,False,False,nasdaq
VICR,VICR,Vicor Corporation - Common Stock,False,False,nasdaq
VKTX,VKTX,"Viking Therapeutics, Inc. - Common Stock",False,False,nasdaq
VLY,VLY,Valley National Bancorp - Common Stock,False,False,nasdaq
VNOM,VNOM,"Viper Energy, Inc.  - Class A Common Stock",False,False,nasdaq
VRNS,VRNS,"Varonis Systems, Inc. - Common Stock",False,False,nasdaq
VRSK,VRSK,"Verisk Analytics, Inc. - Common Stock",False,False,nasdaq
VRSN,VRSN,"VeriSign, Inc. - Common Stock",False,False,nasdaq
VRTX,VRTX,Vertex Pharmaceuticals Incorporated - Common Stock,False,False,nasdaq
VSAT,VSAT,"ViaSat, Inc. - Common Stock",False,False,nasdaq
VSEC,VSEC,VSE Corporation - Common Stock,False,False,nasdaq
VSNT,VSNT,"Versant Media Group, Inc. - Class A Common Stock",False,False,nasdaq
VTRS,VTRS,Viatris Inc. - Common Stock,False,False,nasdaq
WAY,WAY,Waystar Holding Corp. - Common Stock,False,False,nasdaq
WBD,WBD,"Warner Bros. Discovery, Inc. - Series A Common Stock",False,False,nasdaq
WDAY,WDAY,"Workday, Inc. - Class A Common Stock",False,False,nasdaq
WDFC,WDFC,WD-40 Company - Common Stock,False,False,nasdaq
WFRD,WFRD,Weatherford International plc - Ordinary shares,False,False,nasdaq
WING,WING,Wingstop Inc. - Common Stock,False,False,nasdaq
WIX,WIX,Wix.com Ltd. - Ordinary Shares,False,False,nasdaq
WMG,WMG,Warner Music Group Corp. - Class A Common Stock,False,False,nasdaq
WMT,WMT,Walmart Inc. - Common Stock,False,False,nasdaq
WSBC,WSBC,"WesBanco, Inc. - Common Stock",False,False,nasdaq
WSC,WSC,WillScot Holdings Corporation - Class A Common Stock,False,False,nasdaq
WSE,WSE,Wise Group plc - Class A Ordinary Shares,False,False,nasdaq
WSFS,WSFS,WSFS Financial Corporation - Common Stock,False,False,nasdaq
WTFC,WTFC,Wintrust Financial Corporation - Common Stock,False,False,nasdaq
WTW,WTW,Willis Towers Watson Public Limited Company - Ordinary Shares,False,False,nasdaq
WULF,WULF,TeraWulf Inc. - Common Stock,False,False,nasdaq
WWD,WWD,"Woodward, Inc. - Common Stock",False,False,nasdaq
WYNN,WYNN,"Wynn Resorts, Limited - Common Stock",False,False,nasdaq
XE,XE,"X-Energy, Inc. - Class A Common Stock",False,False,nasdaq
XEL,XEL,Xcel Energy Inc. - Common Stock,False,False,nasdaq
XENE,XENE,Xenon Pharmaceuticals Inc. - Common Shares,False,False,nasdaq
XMTR,XMTR,"Xometry, Inc. - Class A Common Stock",False,False,nasdaq
XP,XP,XP Inc. - Class A Common Stock,False,False,nasdaq
Z,Z,"Zillow Group, Inc. - Class C Capital Stock",False,False,nasdaq
ZBRA,ZBRA,Zebra Technologies Corporation - Class A Common Stock,False,False,nasdaq
ZG,ZG,"Zillow Group, Inc. - Class A Common Stock",False,False,nasdaq
ZION,ZION,Zions Bancorporation N.A. - Common Stock,False,False,nasdaq
ZM,ZM,"Zoom Communications, Inc. - Class A Common Stock",False,False,nasdaq
ZS,ZS,"Zscaler, Inc. - Common Stock",False,False,nasdaq
A,A,"Agilent Technologies, Inc. Common Stock",False,False,other
AA,AA,Alcoa Corporation Common Stock ,False,False,other
AAMI,AAMI,Acadian Asset Management Inc. Common Stock,False,False,other
AAUC,AAUC,Allied Gold Corporation Common Shares,False,False,other
ABBV,ABBV,AbbVie Inc. Common Stock,False,False,other
ABCB,ABCB,Ameris Bancorp Common Stock,False,False,other
ABG,ABG,Asbury Automotive Group Inc Common Stock,False,False,other
ABT,ABT,Abbott Laboratories Common Stock,False,False,other
ACA,ACA,"Arcosa, Inc. Common Stock ",False,False,other
ACI,ACI,"Albertsons Companies, Inc. Class A Common Stock",False,False,other
ACM,ACM,AECOM Common Stock,False,False,other
ACN,ACN,Accenture plc Class A Ordinary Shares (Ireland),False,False,other
AD,AD,"Array Digital Infrastructure, Inc. Common Shares",False,False,other
ADC,ADC,Agree Realty Corporation Common Stock,False,False,other
ADM,ADM,Archer-Daniels-Midland Company Common Stock,False,False,other
AEE,AEE,Ameren Corporation Common Stock,False,False,other
AEM,AEM,Agnico Eagle Mines Limited Common Stock,False,False,other
AER,AER,AerCap Holdings N.V. Ordinary Shares,False,False,other
AES,AES,The AES Corporation Common Stock,False,False,other
AFG,AFG,"American Financial Group, Inc. Common Stock",False,False,other
AFL,AFL,AFLAC Incorporated Common Stock,False,False,other
AG,AG,First Majestic Silver Corp. Ordinary Shares (Canada),False,False,other
AGCO,AGCO,AGCO Corporation Common Stock,False,False,other
AGI,AGI,Alamos Gold Inc. Class A Common Shares,False,False,other
AGO,AGO,Assured Guaranty Ltd. Common Stock,False,False,other
AGX,AGX,"Argan, Inc. Common Stock",False,False,other
AHR,AHR,"American Healthcare REIT, Inc. Common Stock",False,False,other
AIG,AIG,"American International Group, Inc. New Common Stock",False,False,other
AIR,AIR,AAR Corp. Common Stock,False,False,other
AIT,AIT,"Applied Industrial Technologies, Inc. Common Stock",False,False,other
AIZ,AIZ,"Assurant, Inc. Common Stock",False,False,other
AJG,AJG,Arthur J. Gallagher & Co. Common Stock,False,False,other
AKO.A,AKO-A,Embotelladora Andina S.A. Common Stock,False,False,other
AKO.B,AKO-B,Embotelladora Andina S.A. Common Stock,False,False,other
ALB,ALB,Albemarle Corporation Common Stock,False,False,other
ALC,ALC,Alcon Inc. Ordinary Shares,False,False,other
ALH,ALH,Alliance Laundry Holdings Inc. Common Stock,False,False,other
ALK,ALK,"Alaska Air Group, Inc. Common Stock",False,False,other
ALL,ALL,Allstate Corporation (The) Common Stock,False,False,other
ALLE,ALLE,Allegion plc Ordinary Shares,False,False,other
ALLY,ALLY,Ally Financial Inc. Common Stock,False,False,other
ALSN,ALSN,"Allison Transmission Holdings, Inc. Common Stock",False,False,other
ALV,ALV,"Autoliv, Inc. Common Stock",False,False,other
AM,AM,Antero Midstream Corporation Common Stock,False,False,other
AMCR,AMCR,Amcor plc Ordinary Shares,False,False,other
AMP,AMP,"Ameriprise Financial, Inc. Common Stock",False,False,other
AMRZ,AMRZ,Amrize Ltd Ordinary Shares,False,False,other
AMT,AMT,American Tower Corporation (REIT) Common Stock,False,False,other
AMTM,AMTM,"Amentum Holdings, Inc. Common Stock",False,False,other
AN,AN,"AutoNation, Inc. Common Stock",False,False,other
ANDG,ANDG,Andersen Group Inc. Class A Common Stock,False,False,other
ANET,ANET,"Arista Networks, Inc. Common Stock",False,False,other
ANF,ANF,Abercrombie & Fitch Company Common Stock,False,False,other
AON,AON,Aon plc Class A Ordinary Shares (Ireland),False,False,other
AOS,AOS,A.O. Smith Corporation Common Stock,False,False,other
APD,APD,"Air Products and Chemicals, Inc. Common Stock",False,False,other
APG,APG,APi Group Corporation Common Stock,False,False,other
APH,APH,Amphenol Corporation Common Stock,False,False,other
APLE,APLE,"Apple Hospitality REIT, Inc. Common Shares",False,False,other
APO,APO,"Apollo Global Management, Inc. (New) Common Stock",False,False,other
APTV,APTV,Aptiv PLC Ordinary Shares,False,False,other
AR,AR,Antero Resources Corporation Common Stock,False,False,other
ARE,ARE,"Alexandria Real Estate Equities, Inc. Common Stock",False,False,other
ARES,ARES,Ares Management Corporation Class A Common Stock,False,False,other
ARIS,ARIS,Aris Mining Corporation Common Shares,False,False,other
ARMK,ARMK,Aramark Common Stock,False,False,other
AROC,AROC,"Archrock, Inc. Common Stock",False,False,other
ARW,ARW,"Arrow Electronics, Inc. Common Stock",False,False,other
ARX,ARX,Accelerant Holdings Class A Common Shares,False,False,other
ASB,ASB,Associated Banc-Corp Common Stock,False,False,other
ASH,ASH,Ashland Inc. Common Stock,False,False,other
ATI,ATI,ATI Inc. Common Stock,False,False,other
ATKR,ATKR,Atkore Inc. Common Stock,False,False,other
ATMU,ATMU,Atmus Filtration Technologies Inc. Common Stock,False,False,other
ATO,ATO,Atmos Energy Corporation Common Stock,False,False,other
ATR,ATR,"AptarGroup, Inc. Common Stock",False,False,other
AU,AU,AngloGold Ashanti PLC Ordinary Shares,False,False,other
AUB,AUB,Atlantic Union Bankshares Corporation Common Stock,False,False,other
AVA,AVA,Avista Corporation Common Stock,False,False,other
AVB,AVB,"AvalonBay Communities, Inc. Common Stock",False,False,other
AVNT,AVNT,Avient Corporation Common Stock,False,False,other
AVTR,AVTR,"Avantor, Inc. Common Stock",False,False,other
AVY,AVY,Avery Dennison Corporation Common Stock,False,False,other
AWI,AWI,Armstrong World Industries Inc Common Stock,False,False,other
AWK,AWK,"American Water Works Company, Inc. Common Stock",False,False,other
AWR,AWR,American States Water Company Common Stock,False,False,other
AX,AX,"Axos Financial, Inc. Common Stock",False,False,other
AXP,AXP,American Express Company Common Stock,False,False,other
AXS,AXS,Axis Capital Holdings Limited Common Stock,False,False,other
AXTA,AXTA,Axalta Coating Systems Ltd. Common Shares,False,False,other
AYI,AYI,Acuity Inc. Common Stock,False,False,other
AZN,AZN,AstraZeneca PLC Ordinary Shares,False,False,other
B,B,Barrick Mining Corporation Common Shares,False,False,other
BA,BA,Boeing Company (The) Common Stock,False,False,other
BAC,BAC,Bank of America Corporation Common Stock,False,False,other
BAH,BAH,Booz Allen Hamilton Holding Corporation Common Stock,False,False,other
BALL,BALL,Ball Corporation Common Stock,False,False,other
BAM,BAM,Brookfield Asset Management Inc Class A Limited Voting Shares,False,False,other
BANC,BANC,"Banc of California, Inc. Common Stock",False,False,other
BAP,BAP,Credicorp Ltd. Common Stock,False,False,other
BAX,BAX,Baxter International Inc. Common Stock,False,False,other
BBUC,BBUC,Brookfield Business Corporation Class A Subordinate Voting Shares,False,False,other
BBVA,BBVA,Banco Bilbao Vizcaya Argentaria S.A. Common Stock,False,False,other
BC,BC,Brunswick Corporation Common Stock,False,False,other
BCE,BCE,"BCE, Inc. Common Stock",False,False,other
BCO,BCO,Brinks Company (The) Common Stock,False,False,other
BCS,BCS,Barclays PLC Common Stock,False,False,other
BDC,BDC,Belden Inc Common Stock,False,False,other
BDX,BDX,"Becton, Dickinson and Company Common Stock",False,False,other
BE,BE,Bloom Energy Corporation Class A Common Stock,False,False,other
BEN,BEN,"Franklin Resources, Inc. Common Stock",False,False,other
BEPC,BEPC,Brookfield Renewable Corporation Brookfield Renewable Corporation Class A Subordinate Voting Shares,False,False,other
BETA,BETA,"Beta Technologies, Inc. Class A Common Stock",False,False,other
BF.A,BF-A,Brown Forman Inc Class A Common Stock,False,False,other
BF.B,BF-B,Brown Forman Inc Class B Common Stock,False,False,other
BFAM,BFAM,Bright Horizons Family Solutions Inc. Common Stock,False,False,other
BFH,BFH,"Bread Financial Holdings, Inc. Common Stock",False,False,other
BG,BG,Bunge Limited Common Shares,False,False,other
BILL,BILL,"BILL Holdings, Inc. Common Stock",False,False,other
BIO,BIO,"Bio-Rad Laboratories, Inc. Class A Common Stock",False,False,other
BIO.B,BIO-B,"Bio-Rad Laboratories, Inc. Class B  Common Stock",False,False,other
BIRK,BIRK,Birkenstock Holding plc Ordinary Shares,False,False,other
BJ,BJ,"BJ's Wholesale Club Holdings, Inc. Common Stock",False,False,other
BKD,BKD,Brookdale Senior Living Inc. Common Stock,False,False,other
BKH,BKH,Black Hills Corporation Common Stock,False,False,other
BKU,BKU,"BankUnited, Inc. Common Stock",False,False,other
BLCO,BLCO,Bausch + Lomb Corporation Common Shares,False,False,other
BLDR,BLDR,"Builders FirstSource, Inc. Common Stock",False,False,other
BLK,BLK,"BlackRock, Inc. Common Stock",False,False,other
BLSH,BLSH,Bullish Ordinary Shares,False,False,other
BMI,BMI,"Badger Meter, Inc. Common Stock",False,False,other
BMNR,BMNR,"BitMine Immersion Technologies, Inc. Common Stock",False,False,other
BMO,BMO,Bank Of Montreal Common Stock,False,False,other
BMY,BMY,Bristol-Myers Squibb Company Common Stock,False,False,other
BN,BN,Brookfield Corporation Class A Limited Voting Shares,False,False,other
BNL,BNL,"Broadstone Net Lease, Inc. Common Stock",False,False,other
BNS,BNS,Bank Nova Scotia Halifax Pfd 3 Ordinary Shares,False,False,other
BNT,BNT,Brookfield Wealth Solutions Ltd. Class A Exchangeable Limited Voting Shares,False,False,other
BNY,BNY,The Bank of New York Mellon Corporation Common Stock,False,False,other
BOH,BOH,Bank of Hawaii Corporation Common Stock,False,False,other
BOOT,BOOT,"Boot Barn Holdings, Inc. Common Stock",False,False,other
BP,BP,BP p.l.c. Common Stock,False,False,other
BR,BR,"Broadridge Financial Solutions, Inc. Common Stock",False,False,other
BRK.A,BRK-A,Berkshire Hathaway Inc. Common Stock,False,False,other
BRK.B,BRK-B,Berkshire Hathaway Inc. New Common Stock,False,False,other
BRO,BRO,"Brown & Brown, Inc. Common Stock",False,False,other
BROS,BROS,Dutch Bros Inc. Class A Common Stock,False,False,other
BRX,BRX,Brixmor Property Group Inc. Common Stock,False,False,other
BSX,BSX,Boston Scientific Corporation Common Stock,False,False,other
BTU,BTU,Peabody Energy Corporation Common Stock ,False,False,other
BURL,BURL,"Burlington Stores, Inc. Common Stock",False,False,other
BWA,BWA,BorgWarner Inc. Common Stock,False,False,other
BWLP,BWLP,BW LPG Limited Common Shares,False,False,other
BWXT,BWXT,"BWX Technologies, Inc. Common Stock",False,False,other
BX,BX,Blackstone Inc. Common Stock,False,False,other
BXP,BXP,"BXP, Inc. Common Stock",False,False,other
BYD,BYD,Boyd Gaming Corporation Common Stock,False,False,other
C,C,"Citigroup, Inc. Common Stock",False,False,other
CAAP,CAAP,Corporacion America Airports SA Common Shares,False,False,other
CACI,CACI,"CACI International, Inc. Class A Common Stock",False,False,other
CAG,CAG,"ConAgra Brands, Inc. Common Stock",False,False,other
CAH,CAH,"Cardinal Health, Inc. Common Stock",False,False,other
CARR,CARR,Carrier Global Corporation Common Stock ,False,False,other
CAT,CAT,"Caterpillar, Inc. Common Stock",False,False,other
CAVA,CAVA,"CAVA Group, Inc. Common Stock",False,False,other
CB,CB,Chubb Limited  Common Stock,False,False,other
CBOE,CBOE,"Cboe Global Markets, Inc. Common Stock",False,False,other
CBRE,CBRE,CBRE Group Inc Common Stock Class A,False,False,other
CBT,CBT,Cabot Corporation Common Stock,False,False,other
CBU,CBU,"Community Financial System, Inc. Common Stock",False,False,other
CCI,CCI,Crown Castle Inc. Common Stock,False,False,other
CCJ,CCJ,Cameco Corporation Common Stock,False,False,other
CCL,CCL,Carnival Corporation Ltd. Common Shares,False,False,other
CDE,CDE,"Coeur Mining, Inc. Common Stock",False,False,other
CDP,CDP,COPT Defense Properties Common Shares of Beneficial Interest,False,False,other
CE,CE,Celanese Corporation Common Stock,False,False,other
CF,CF,"CF Industries Holdings, Inc. Common Stock",False,False,other
CFG,CFG,"Citizens Financial Group, Inc. Common Stock",False,False,other
CFR,CFR,"Cullen/Frost Bankers, Inc. Common Stock",False,False,other
CGAU,CGAU,Centerra Gold Inc. Common Shares,False,False,other
CHD,CHD,"Church & Dwight Company, Inc. Common Stock",False,False,other
CHH,CHH,"Choice Hotels International, Inc. Common Stock",False,False,other
CHWY,CHWY,"Chewy, Inc. Class A Common Stock",False,False,other
CI,CI,The Cigna Group Common Stock,False,False,other
CIEN,CIEN,Ciena Corporation Common Stock,False,False,other
CL,CL,Colgate-Palmolive Company Common Stock,False,False,other
CLH,CLH,"Clean Harbors, Inc. Common Stock",False,False,other
CLS,CLS,"Celestica, Inc. Common Stock",False,False,other
CLX,CLX,Clorox Company (The) Common Stock,False,False,other
CM,CM,Canadian Imperial Bank of Commerce Common Stock,False,False,other
CMBT,CMBT,CMB.TECH NV Ordinary Shares,False,False,other
CMC,CMC,Commercial Metals Company Common Stock,False,False,other
CMG,CMG,"Chipotle Mexican Grill, Inc. Common Stock",False,False,other
CMI,CMI,Cummins Inc. Common Stock,False,False,other
CMS,CMS,CMS Energy Corporation Common Stock,False,False,other
CNA,CNA,CNA Financial Corporation Common Stock,False,False,other
CNC,CNC,Centene Corporation Common Stock,False,False,other
CNI,CNI,Canadian National Railway Company Common Stock,False,False,other
CNK,CNK,"Cinemark Holdings Inc Cinemark Holdings, Inc. Common Stock",False,False,other
CNM,CNM,"Core & Main, Inc. Class A Common Stock",False,False,other
CNO,CNO,"CNO Financial Group, Inc. Common Stock",False,False,other
CNP,CNP,"CenterPoint Energy, Inc (Holding Co) Common Stock",False,False,other
CNQ,CNQ,Canadian Natural Resources Limited Common Stock,False,False,other
CNR,CNR,"Core Natural Resources, Inc. Common Stock",False,False,other
CNS,CNS,Cohen & Steers Inc Common Stock,False,False,other
CNX,CNX,CNX Resources Corporation Common Stock,False,False,other
COF,COF,Capital One Financial Corporation Common Stock,False,False,other
COHR,COHR,Coherent Corp. Common Stock,False,False,other
COMP,COMP,"Compass, Inc. Class A Common Stock",False,False,other
CON,CON,"Concentra Group Holdings Parent, Inc. Common Stock",False,False,other
COP,COP,ConocoPhillips Common Stock,False,False,other
COR,COR,"Cencora, Inc. Common Stock",False,False,other
CP,CP,Canadian Pacific Kansas City Limited Common Shares,False,False,other
CPA,CPA,"Copa Holdings, S.A. Class A Common Stock",False,False,other
CPAY,CPAY,"Corpay, Inc. Common Stock",False,False,other
CPK,CPK,Chesapeake Utilities Corporation Common Stock,False,False,other
CPNG,CPNG,"Coupang, Inc. Class A Common Stock",False,False,other
CR,CR,Crane Company Common Stock,False,False,other
CRBG,CRBG,Corebridge Financial Inc. Common Stock,False,False,other
CRC,CRC,California Resources Corporation Common Stock,False,False,other
CRCL,CRCL,"Circle Internet Group, Inc. Class A Common Stock",False,False,other
CRGY,CRGY,Crescent Energy Company Class A Common Stock,False,False,other
CRH,CRH,CRH PLC Ordinary Shares,False,False,other
CRK,CRK,"Comstock Resources, Inc. Common Stock",False,False,other
CRL,CRL,"Charles River Laboratories International, Inc. Common Stock",False,False,other
CRM,CRM,"Salesforce, Inc. Common Stock",False,False,other
CRS,CRS,Carpenter Technology Corporation Common Stock,False,False,other
CSL,CSL,Carlisle Companies Incorporated Common Stock,False,False,other
CSQR,CSQR,"Csquare, Inc. Common Stock",False,False,other
CSTM,CSTM,Constellium SE Ordinary Shares (France),False,False,other
CSW,CSW,"CSW Industrials, Inc. Common Stock",False,False,other
CTRE,CTRE,"CareTrust REIT, Inc. Common Stock",False,False,other
CTVA,CTVA,"Corteva, Inc. Common Stock ",False,False,other
CUBE,CUBE,CubeSmart Common Shares,False,False,other
CURB,CURB,Curbline Properties Corp. Common Stock,False,False,other
CUZ,CUZ,Cousins Properties Incorporated Common Stock,False,False,other
CVE,CVE,Cenovus Energy Inc Common Stock,False,False,other
CVI,CVI,CVR Energy Inc. Common Stock,False,False,other
CVNA,CVNA,Carvana Co. Class A Common Stock,False,False,other
CVS,CVS,CVS Health Corporation Common Stock,False,False,other
CVSA,CVSA,Covista Inc. Common Shares,False,False,other
CVX,CVX,Chevron Corporation Common Stock,False,False,other
CW,CW,Curtiss-Wright Corporation Common Stock,False,False,other
CWEN,CWEN,"Clearway Energy, Inc. Class C Common Stock",False,False,other
CWK,CWK,Cushman & Wakefield Ltd. Common Shares,False,False,other
CWT,CWT,California Water Service Group Common Stock,False,False,other
CXW,CXW,"CoreCivic, Inc. Common Stock",False,False,other
D,D,"Dominion Energy, Inc. Common Stock",False,False,other
DAL,DAL,"Delta Air Lines, Inc. Common Stock",False,False,other
DAN,DAN,Dana Incorporated Common Stock ,False,False,other
DAR,DAR,Darling Ingredients Inc. Common Stock,False,False,other
DB,DB,Deutsche Bank AG Common Stock,False,False,other
DCI,DCI,"Donaldson Company, Inc. Common Stock",False,False,other
DCO,DCO,Ducommun Incorporated Common Stock,False,False,other
DD,DD,"DuPont de Nemours, Inc. Common Stock",False,False,other
DDS,DDS,"Dillard's, Inc. Common Stock",False,False,other
DE,DE,Deere & Company Common Stock,False,False,other
DECK,DECK,Deckers Outdoor Corporation Common Stock,False,False,other
DELL,DELL,Dell Technologies Inc. Class C Common Stock ,False,False,other
DEO,DEO,Diageo plc Common Stock,False,False,other
DG,DG,Dollar General Corporation Common Stock,False,False,other
DGX,DGX,Quest Diagnostics Incorporated Common Stock,False,False,other
DHI,DHI,"D.R. Horton, Inc. Common Stock",False,False,other
DHR,DHR,Danaher Corporation Common Stock,False,False,other
DINO,DINO,HF Sinclair Corporation Common Stock,False,False,other
DIS,DIS,Walt Disney Company (The) Common Stock,False,False,other
DK,DK,"Delek US Holdings, Inc. Common Stock",False,False,other
DKS,DKS,Dick's Sporting Goods Inc Common Stock,False,False,other
DLB,DLB,Dolby Laboratories Common Stock,False,False,other
DOC,DOC,"Healthpeak Properties, Inc. Common Stock",False,False,other
DOCN,DOCN,"DigitalOcean Holdings, Inc. Common Stock",False,False,other
DOCS,DOCS,"Doximity, Inc. Class A Common Stock",False,False,other
DOV,DOV,Dover Corporation Common Stock,False,False,other
DOW,DOW,Dow Inc. Common Stock ,False,False,other
DPC,DPC,DPC Holdings PLC Ordinary Shares,False,False,other
DRI,DRI,"Darden Restaurants, Inc. Common Stock",False,False,other
DT,DT,"Dynatrace, Inc. Common Stock",False,False,other
DTE,DTE,DTE Energy Company Common Stock,False,False,other
DTM,DTM,"DT Midstream, Inc. Common Stock ",False,False,other
DUK,DUK,Duke Energy Corporation (Holding Company) Common Stock,False,False,other
DVA,DVA,DaVita Inc. Common Stock,False,False,other
DVN,DVN,Devon Energy Corporation Common Stock,False,False,other
DX,DX,"Dynex Capital, Inc. Common Stock",False,False,other
DY,DY,"Dycom Industries, Inc. Common Stock",False,False,other
E,E,ENI S.p.A. Common Stock,False,False,other
EAT,EAT,"Brinker International, Inc. Common Stock",False,False,other
ECG,ECG,"Everus Construction Group, Inc. Common Stock",False,False,other
ECL,ECL,Ecolab Inc. Common Stock,False,False,other
ED,ED,"Consolidated Edison, Inc. Common Stock",False,False,other
EE,EE,"Excelerate Energy, Inc. Class A Common Stock",False,False,other
EFX,EFX,"Equifax, Inc. Common Stock",False,False,other
EG,EG,"Everest Group, Ltd. Common Stock",False,False,other
EGO,EGO,Eldorado Gold Corporation Ordinary Shares,False,False,other
EGP,EGP,"EastGroup Properties, Inc. Common Stock",False,False,other
EHC,EHC,Encompass Health Corporation Common Stock,False,False,other
EIX,EIX,Edison International Common Stock,False,False,other
EL,EL,"Estee Lauder Companies, Inc. (The) Common Stock",False,False,other
ELAN,ELAN,Elanco Animal Health Incorporated Common Stock,False,False,other
ELF,ELF,"e.l.f. Beauty, Inc. Common Stock",False,False,other
ELS,ELS,"Equity Lifestyle Properties, Inc. Common Stock",False,False,other
ELV,ELV,"Elevance Health, Inc. Common Stock",False,False,other
EMA,EMA,Emera Incorporated Common Shares,False,False,other
EMBJ,EMBJ,Embraer S.A. Common Stock,False,False,other
EME,EME,"EMCOR Group, Inc. Common Stock",False,False,other
EMN,EMN,Eastman Chemical Company Common Stock,False,False,other
EMR,EMR,Emerson Electric Company Common Stock,False,False,other
ENB,ENB,Enbridge Inc Common Stock,False,False,other
ENS,ENS,EnerSys Common Stock,False,False,other
ENVA,ENVA,"Enova International, Inc. Common Stock",False,False,other
EOG,EOG,"EOG Resources, Inc. Common Stock",False,False,other
EPAM,EPAM,"EPAM Systems, Inc. Common Stock",False,False,other
EPD,EPD,Enterprise Products Partners L.P. Common Stock,False,False,other
EPR,EPR,EPR Properties Common Stock,False,False,other
EQH,EQH,"Equitable Holdings, Inc. Common Stock",False,False,other
EQR,EQR,Equity Residential Common Shares of Beneficial Interest,False,False,other
EQT,EQT,EQT Corporation Common Stock,False,False,other
ERO,ERO,Ero Copper Corp. Common Shares,False,False,other
EROC,EROC,"ERock, Inc. Class A Common Stock",False,False,other
EROK,EROK,"EagleRock Land, LLC Class A shares representing limited liability company interests",False,False,other
ES,ES,Eversource Energy (D/B/A) Common Stock,False,False,other
ESAB,ESAB,ESAB Corporation Common Stock,False,False,other
ESE,ESE,ESCO Technologies Inc. Common Stock,False,False,other
ESI,ESI,Element Solutions Inc. Common Stock,False,False,other
ESNT,ESNT,Essent Group Ltd. Common Shares,False,False,other
ESTC,ESTC,Elastic N.V. Ordinary Shares,False,False,other
ETN,ETN,"Eaton Corporation, PLC Ordinary Shares",False,False,other
ETR,ETR,Entergy Corporation Common Stock,False,False,other
ETSY,ETSY,"Etsy, Inc. Common Stock",False,False,other
EVR,EVR,Evercore Inc. Class A Common Stock,False,False,other
EW,EW,Edwards Lifesciences Corporation Common Stock,False,False,other
EXP,EXP,Eagle Materials Inc Common Stock,False,False,other
EXPD,EXPD,"Expeditors International of Washington, Inc. Common Stock",False,False,other
EXR,EXR,Extra Space Storage Inc Common Stock,False,False,other
F,F,Ford Motor Company Common Stock,False,False,other
FAF,FAF,First American Corporation (New) Common Stock,False,False,other
FBIN,FBIN,"Fortune Brands Innovations, Inc. Common Stock",False,False,other
FBK,FBK,FB Financial Corporation Common Stock,False,False,other
FBP,FBP,First BanCorp. New Common Stock,False,False,other
FCN,FCN,"FTI Consulting, Inc. Common Stock",False,False,other
FCX,FCX,"Freeport-McMoRan, Inc. Common Stock",False,False,other
FDS,FDS,FactSet Research Systems Inc. Common Stock,False,False,other
FDX,FDX,FedEx Corporation Common Stock,False,False,other
FDXF,FDXF,"FedEx Freight Holding Company, Inc. Common Stock",False,False,other
FE,FE,FirstEnergy Corp. Common Stock,False,False,other
FERG,FERG,Ferguson Enterprises Inc. Common Stock,False,False,other
FG,FG,"F&G Annuities & Life, Inc. Common Stock",False,False,other
FHI,FHI,"Federated Hermes, Inc. Common Stock",False,False,other
FHN,FHN,First Horizon Corporation Common Stock,False,False,other
FICO,FICO,Fair Isaac Corporation Common Stock,False,False,other
FIG,FIG,"Figma, Inc. Class A Common Stock",False,False,other
FIS,FIS,"Fidelity National Information Services, Inc. Common Stock",False,False,other
FITB,FITB,Fifth Third Bancorp Common Stock,False,False,other
FIX,FIX,"Comfort Systems USA, Inc. Common Stock",False,False,other
FLG,FLG,"Flagstar Bank, N.A. Common Stock",False,False,other
FLR,FLR,Fluor Corporation Common Stock,False,False,other
FLS,FLS,Flowserve Corporation Common Stock,False,False,other
FLUT,FLUT,Flutter Entertainment plc Ordinary Shares,False,False,other
FMX,FMX,Fomento Economico Mexicano S.A.B. de C.V. Common Stock,False,False,other
FN,FN,Fabrinet Ordinary Shares,False,False,other
FNB,FNB,F.N.B. Corporation Common Stock,False,False,other
FND,FND,"Floor & Decor Holdings, Inc. Common Stock",False,False,other
FNF,FNF,"Fidelity National Financial, Inc. Common Stock",False,False,other
FOUR,FOUR,"Shift4 Payments, Inc. Class A Common Stock",False,False,other
FPS,FPS,"Forgent Power Solutions, Inc. Class A Common Stock",False,False,other
FRO,FRO,Frontline Plc Ordinary Shares,False,False,other
FSK,FSK,FS KKR Capital Corp. Common Stock,False,False,other
FSS,FSS,Federal Signal Corporation Common Stock,False,False,other
FTI,FTI,TechnipFMC plc Ordinary Share,False,False,other
FTS,FTS,Fortis Inc. Common Shares,False,False,other
FTV,FTV,Fortive Corporation Common Stock ,False,False,other
FUL,FUL,H. B. Fuller Company Common Stock,False,False,other
G,G,Genpact Limited Common Stock,False,False,other
GAP,GAP,"Gap, Inc. (The) Common Stock",False,False,other
GATX,GATX,GATX Corporation Common Stock,False,False,other
GBCI,GBCI,"Glacier Bancorp, Inc. Common Stock",False,False,other
GD,GD,General Dynamics Corporation Common Stock,False,False,other
GDDY,GDDY,GoDaddy Inc. Class A Common Stock,False,False,other
GE,GE,GE Aerospace Common Stock,False,False,other
GEF,GEF,Greif Inc. Class A Common Stock,False,False,other
GEF.B,GEF-B,"Greif, Inc. Corporation Class B Common Stock",False,False,other
GEV,GEV,GE Vernova Inc. Common Stock,False,False,other
GFF,GFF,Griffon Corporation Common Stock,False,False,other
GGG,GGG,Graco Inc. Common Stock,False,False,other
GHC,GHC,Graham Holdings Company Common Stock,False,False,other
GIB,GIB,CGI Inc. Common Stock,False,False,other
GIL,GIL,"Gildan Activewear, Inc. Class A Sub. Vot. Common Stock",False,False,other
GIS,GIS,"General Mills, Inc. Common Stock",False,False,other
GKOS,GKOS,Glaukos Corporation Common Stock,False,False,other
GL,GL,Globe Life Inc. Common Stock,False,False,other
GLW,GLW,Corning Incorporated Common Stock,False,False,other
GM,GM,General Motors Company Common Stock,False,False,other
GME,GME,GameStop Corporation Common Stock,False,False,other
GMED,GMED,"Globus Medical, Inc. Class A Common Stock",False,False,other
GNRC,GNRC,Generac Holdlings Inc. Common Stock,False,False,other
GOLF,GOLF,Acushnet Holdings Corp. Common Stock,False,False,other
GPC,GPC,Genuine Parts Company Common Stock,False,False,other
GPGI,GPGI,"GPGI, Inc. Class A Common Stock",False,False,other
GPI,GPI,"Group 1 Automotive, Inc. Common Stock",False,False,other
GPN,GPN,Global Payments Inc. Common Stock,False,False,other
GPOR,GPOR,Gulfport Energy Corporation Common Shares,False,False,other
GRBK,GRBK,"Green Brick Partners, Inc. Common Stock",False,False,other
GRMN,GRMN,Garmin Ltd. Common Stock (Switzerland),False,False,other
GS,GS,"Goldman Sachs Group, Inc. (The) Common Stock",False,False,other
GTES,GTES,Gates Industrial Corporation Ltd. Common Shares,False,False,other
GVA,GVA,Granite Construction Incorporated Common Stock,False,False,other
GWRE,GWRE,"Guidewire Software, Inc. Common Stock",False,False,other
GWW,GWW,"W.W. Grainger, Inc. Common Stock",False,False,other
GXO,GXO,"GXO Logistics, Inc. Common Stock ",False,False,other
H,H,Hyatt Hotels Corporation Class A Common Stock,False,False,other
HAE,HAE,Haemonetics Corporation Common Stock,False,False,other
HAL,HAL,Halliburton Company Common Stock,False,False,other
HASI,HASI,"HA Sustainable Infrastructure Capital, Inc. Common Stock",False,False,other
HAYW,HAYW,"Hayward Holdings, Inc. Common Stock",False,False,other
HBM,HBM,Hudbay Minerals Inc. Ordinary Shares (Canada),False,False,other
HCA,HCA,"HCA Healthcare, Inc. Common Stock",False,False,other
HCC,HCC,"Warrior Met Coal, Inc. Common Stock",False,False,other
HD,HD,"Home Depot, Inc. (The) Common Stock",False,False,other
HDB,HDB,HDFC Bank Limited Common Stock,False,False,other
HEI,HEI,Heico Corporation Common Stock,False,False,other
HEI.A,HEI-A,Heico Corporation Common Stock,False,False,other
HESM,HESM,Hess Midstream LP Class A Representing Limited Partner Interests,False,False,other
HGTY,HGTY,"Hagerty, Inc. Class A Common Stock",False,False,other
HGV,HGV,Hilton Grand Vacations Inc. Common Stock ,False,False,other
HHH,HHH,Howard Hughes Holdings Inc. Common Stock,False,False,other
HIG,HIG,"The Hartford Insurance Group, Inc. Common Stock",False,False,other
HII,HII,"Huntington Ingalls Industries, Inc. Common Stock",False,False,other
HIMS,HIMS,"Hims & Hers Health, Inc. Class A Common Stock",False,False,other
HIW,HIW,"Highwoods Properties, Inc. Common Stock",False,False,other
HL,HL,Hecla Mining Company Common Stock,False,False,other
HLI,HLI,"Houlihan Lokey, Inc. Class A Common Stock",False,False,other
HLT,HLT,Hilton Worldwide Holdings Inc. Common Stock ,False,False,other
HMC,HMC,"Honda Motor Company, Ltd. Common Stock",False,False,other
HNGE,HNGE,"Hinge Health, Inc. Class A Common Stock",False,False,other
HNI,HNI,HNI Corporation Common Stock,False,False,other
HOMB,HOMB,"Home BancShares, Inc. Common Stock",False,False,other
HP,HP,"Helmerich & Payne, Inc. Common Stock",False,False,other
HPE,HPE,Hewlett Packard Enterprise Company Common Stock,False,False,other
HPQ,HPQ,HP Inc. Common Stock,False,False,other
HRB,HRB,"H&R Block, Inc. Common Stock",False,False,other
HRI,HRI,Herc Holdings Inc. Common Stock ,False,False,other
HRL,HRL,Hormel Foods Corporation Common Stock,False,False,other
HSBC,HSBC,"HSBC Holdings, plc. Common Stock",False,False,other
MOD,MOD,Modine Manufacturing Company Common Stock,False,False,other
MOG.A,MOG-A,Moog Inc. Class A Common Stock,False,False,other
MOG.B,MOG-B,Moog Inc. Class B Common Stock,False,False,other
MOH,MOH,Molina Healthcare Inc Common Stock,False,False,other
MOS,MOS,Mosaic Company (The) Common Stock,False,False,other
MP,MP,MP Materials Corp. Common Stock,False,False,other
MPC,MPC,Marathon Petroleum Corporation Common Stock,False,False,other
MRK,MRK,"Merck & Company, Inc. Common Stock (new)",False,False,other
MRP,MRP,"Millrose Properties, Inc. Class A Common Stock",False,False,other
MRSH,MRSH,Marsh Common Stock,False,False,other
MS,MS,Morgan Stanley Common Stock,False,False,other
MSA,MSA,MSA Safety Incorporated Common Stock,False,False,other
MSCI,MSCI,MSCI Inc. Common Stock,False,False,other
MSGE,MSGE,Madison Square Garden Entertainment Corp. Class A Common Stock,False,False,other
MSGS,MSGS,Madison Square Garden Sports Corp. Class A Common Stock (New),False,False,other
MSI,MSI,"Motorola Solutions, Inc. Common Stock",False,False,other
MTB,MTB,M&T Bank Corporation Common Stock,False,False,other
MTD,MTD,"Mettler-Toledo International, Inc. Common Stock",False,False,other
MTDR,MTDR,Matador Resources Company Common Stock,False,False,other
MTG,MTG,MGIC Investment Corporation Common Stock,False,False,other
MTH,MTH,Meritage Homes Corporation Common Stock,False,False,other
MTN,MTN,"Vail Resorts, Inc. Common Stock",False,False,other
MTZ,MTZ,"MasTec, Inc. Common Stock",False,False,other
MUFG,MUFG,"Mitsubishi UFJ Financial Group, Inc. Common Stock",False,False,other
MUR,MUR,Murphy Oil Corporation Common Stock,False,False,other
MUSA,MUSA,Murphy USA Inc. Common Stock,False,False,other
MWA,MWA,MUELLER WATER PRODUCTS Common Stock,False,False,other
NATL,NATL,NCR Atleos Corporation Common Stock,False,False,other
NCLH,NCLH,Norwegian Cruise Line Holdings Ltd. Ordinary Shares,False,False,other
NE,NE,Noble Corporation plc A Ordinary Shares,False,False,other
NEE,NEE,"NextEra Energy, Inc. Common Stock",False,False,other
NET,NET,"Cloudflare, Inc. Class A Common Stock",False,False,other
NEU,NEU,NewMarket Corp Common Stock,False,False,other
NFG,NFG,National Fuel Gas Company Common Stock,False,False,other
NHC,NHC,National HealthCare Corporation Common Stock,False,False,other
NHI,NHI,"National Health Investors, Inc. Common Stock",False,False,other
NI,NI,NiSource Inc Common Stock,False,False,other
NIC,NIC,Nicolet Bankshares Inc. Common Stock,False,False,other
NIQ,NIQ,NIQ Global Intelligence plc Ordinary Shares,False,False,other
NJR,NJR,NewJersey Resources Corporation Common Stock,False,False,other
NKE,NKE,"Nike, Inc. Common Stock",False,False,other
NLY,NLY,Annaly Capital Management Inc. Common Stock,False,False,other
NNI,NNI,"Nelnet, Inc. Common Stock",False,False,other
NNN,NNN,"NNN REIT, Inc. Common Stock",False,False,other
NOC,NOC,Northrop Grumman Corporation Common Stock,False,False,other
NOV,NOV,NOV Inc. Common Stock,False,False,other
NOW,NOW,"ServiceNow, Inc. Common Stock",False,False,other
NP,NP,Neptune Insurance Holdings Inc. Class A Common Stock,False,False,other
NPO,NPO,Enpro Inc. Common Stock,False,False,other
NRG,NRG,"NRG Energy, Inc. Common Stock",False,False,other
NSC,NSC,Norfolk Southern Corporation Common Stock,False,False,other
NTR,NTR,Nutrien Ltd. Common Shares,False,False,other
NU,NU,Nu Holdings Ltd. Class A Ordinary Shares,False,False,other
NUE,NUE,Nucor Corporation Common Stock,False,False,other
NVO,NVO,Novo Nordisk A/S Common Stock,False,False,other
NVR,NVR,"NVR, Inc. Common Stock",False,False,other
NVS,NVS,Novartis AG Common Stock,False,False,other
NVST,NVST,Envista Holdings Corporation Common Stock,False,False,other
NVT,NVT,nVent Electric plc Ordinary Shares ,False,False,other
NYT,NYT,New York Times Company (The) Common Stock,False,False,other
O,O,Realty Income Corporation Common Stock,False,False,other
OC,OC,Owens Corning Inc Common Stock New,False,False,other
OGC,OGC,OceanaGold Corporation Common Shares,False,False,other
OGE,OGE,OGE Energy Corp Common Stock,False,False,other
OGN,OGN,Organon & Co. Common Stock ,False,False,other
OGS,OGS,"ONE Gas, Inc. Common Stock",False,False,other
OHI,OHI,"Omega Healthcare Investors, Inc. Common Stock",False,False,other
OII,OII,"Oceaneering International, Inc. Common Stock",False,False,other
OKE,OKE,"ONEOK, Inc. Common Stock",False,False,other
OKLO,OKLO,Oklo Inc. Class A common stock,False,False,other
OMC,OMC,Omnicom Group Inc. Common Stock,False,False,other
OMF,OMF,"OneMain Holdings, Inc. Common Stock",False,False,other
ONON,ONON,On Holding AG Class A Ordinary Shares,False,False,other
ONTO,ONTO,Onto Innovation Inc. Common Stock,False,False,other
OPLN,OPLN,"OPENLANE, Inc. Common Stock",False,False,other
OR,OR,OR Royalties Inc. Common Shares,False,False,other
ORA,ORA,"Ormat Technologies, Inc. Common Stock",False,False,other
ORCL,ORCL,Oracle Corporation Common Stock,False,False,other
ORI,ORI,Old Republic International Corporation Common Stock,False,False,other
OSCR,OSCR,"Oscar Health, Inc. Class A Common Stock",False,False,other
OTIS,OTIS,Otis Worldwide Corporation Common Stock ,False,False,other
OUT,OUT,OUTFRONT Media Inc. Common Stock,False,False,other
OWL,OWL,Blue Owl Capital Inc. Class A Common Stock,False,False,other
OXY,OXY,Occidental Petroleum Corporation Common Stock,False,False,other
PAAS,PAAS,Pan American Silver Corp. Common Stock,False,False,other
PACS,PACS,"PACS Group, Inc. Common Stock",False,False,other
PAG,PAG,"Penske Automotive Group, Inc. Common Stock",False,False,other
PARR,PARR,"Par Pacific Holdings, Inc.  Common Stock",False,False,other
PATH,PATH,"UiPath, Inc. Class A Common Stock",False,False,other
PAY,PAY,"Paymentus Holdings, Inc. Class A Common Stock",False,False,other
PAYC,PAYC,"Paycom Software, Inc. Common Stock",False,False,other
PB,PB,"Prosperity Bancshares, Inc. Common Stock",False,False,other
PBA,PBA,Pembina Pipeline Corp. Ordinary Shares (Canada),False,False,other
PBF,PBF,PBF Energy Inc. Class A Common Stock,False,False,other
PCG,PCG,Pacific Gas & Electric Co. Common Stock,False,False,other
PCOR,PCOR,"Procore Technologies, Inc. Common Stock",False,False,other
PEG,PEG,Public Service Enterprise Group Incorporated Common Stock,False,False,other
PEN,PEN,"Penumbra, Inc. Common Stock",False,False,other
PFE,PFE,"Pfizer, Inc. Common Stock",False,False,other
PFGC,PFGC,Performance Food Group Company Common Stock,False,False,other
PFS,PFS,"Provident Financial Services, Inc Common Stock",False,False,other
PFSI,PFSI,"PennyMac Financial Services, Inc. Common Stock",False,False,other
PG,PG,Procter & Gamble Company (The) Common Stock,False,False,other
PGR,PGR,Progressive Corporation (The) Common Stock,False,False,other
PH,PH,Parker-Hannifin Corporation Common Stock,False,False,other
PHYS,PHYS,Sprott Physical Gold Trust ETV,True,False,other
PII,PII,Polaris Inc. Common Stock,False,False,other
PINC,PINC,PGIM Securitized Income ETF,True,False,other
PINS,PINS,"Pinterest, Inc. Class A Common Stock",False,False,other
PIPR,PIPR,Piper Sandler Companies Common Stock,False,False,other
PJT,PJT,PJT Partners Inc. Class A Common Stock,False,False,other
PK,PK,Park Hotels & Resorts Inc. Common Stock ,False,False,other
PKG,PKG,Packaging Corporation of America Common Stock,False,False,other
PL,PL,Planet Labs PBC Class A Common Stock,False,False,other
PLD,PLD,"Prologis, Inc. Common Stock",False,False,other
PLNT,PLNT,"Planet Fitness, Inc. Common Stock",False,False,other
PM,PM,Philip Morris International Inc Common Stock,False,False,other
PNC,PNC,"PNC Financial Services Group, Inc. (The) Common Stock",False,False,other
PNFP,PNFP,"Pinnacle Financial Partners, Inc. Common stock",False,False,other
PNR,PNR,Pentair plc. Ordinary Share,False,False,other
PNW,PNW,Pinnacle West Capital Corporation Common Stock,False,False,other
POR,POR,Portland General Electric Co Common Stock,False,False,other
POST,POST,"Post Holdings, Inc. Common Stock",False,False,other
PPG,PPG,"PPG Industries, Inc. Common Stock",False,False,other
PR,PR,Permian Resources Corporation Class A Common Stock,False,False,other
PRI,PRI,"Primerica, Inc. Common Stock",False,False,other
PRIM,PRIM,Primoris Services Corporation Common Stock,False,False,other
PRK,PRK,Park National Corporation Common Stock,False,False,other
PRM,PRM,"Perimeter Solutions, SA Common Stock",False,False,other
PRMB,PRMB,Primo Brands Corporation Class A Common Stock,False,False,other
PRU,PRU,"Prudential Financial, Inc. Common Stock",False,False,other
PS,PS,Pershing Square Inc. Common Stock,False,False,other
PSA,PSA,Public Storage Common Stock,False,False,other
PSLV,PSLV,Sprott Physical Silver Trust ETV,True,False,other
PSN,PSN,Parsons Corporation Common Stock,False,False,other
PSO,PSO,"Pearson, Plc Common Stock",False,False,other
PSX,PSX,Phillips 66 Common Stock,False,False,other
PUK,PUK,Prudential Public Limited Company Common Stock,False,False,other
PWR,PWR,"Quanta Services, Inc. Common Stock",False,False,other
Q,Q,"Qnity Electronics, Inc. Common Stock",False,False,other
QGEN,QGEN,Qiagen N.V. Common Shares,False,False,other
QSR,QSR,Restaurant Brands International Inc. Common Shares,False,False,other
QTWO,QTWO,"Q2 Holdings, Inc. Common Stock",False,False,other
QXO,QXO,"QXO, Inc. Common Stock",False,False,other
R,R,"Ryder System, Inc. Common Stock",False,False,other
RACE,RACE,Ferrari N.V. Common Shares,False,False,other
RAL,RAL,Ralliant Corporation Common Stock,False,False,other
RBA,RBA,"RB Global, Inc. Common Stock",False,False,other
RBC,RBC,RBC Bearings Incorporated Common Stock,False,False,other
RBLX,RBLX,Roblox Corporation Class A Common Stock,False,False,other
RBRK,RBRK,"Rubrik, Inc. Class A Common Stock",False,False,other
RCI,RCI,"Rogers Communication, Inc. Common Stock",False,False,other
RCL,RCL,Royal Caribbean Cruises Ltd. Common Stock,False,False,other
RCUS,RCUS,"Arcus Biosciences, Inc. Common Stock",False,False,other
RDDT,RDDT,"Reddit, Inc. Class A Common Stock",False,False,other
RDN,RDN,Radian Group Inc. Common Stock,False,False,other
RDW,RDW,Redwire Corporation Common Stock,False,False,other
RDY,RDY,Dr. Reddy's Laboratories Ltd Common Stock,False,False,other
REXR,REXR,"Rexford Industrial Realty, Inc. Common Stock",False,False,other
REZI,REZI,"Resideo Technologies, Inc. Common Stock ",False,False,other
RF,RF,Regions Financial Corporation Common Stock,False,False,other
RGA,RGA,"Reinsurance Group of America, Incorporated Common Stock",False,False,other
RH,RH,RH Common Stock,False,False,other
RHI,RHI,Robert Half Inc. Common Stock,False,False,other
RIO,RIO,Rio Tinto Plc Common Stock,False,False,other
RJF,RJF,"Raymond James Financial, Inc. Common Stock",False,False,other
RKT,RKT,"Rocket Companies, Inc. Class A Common Stock",False,False,other
RL,RL,Ralph Lauren Corporation Common Stock,False,False,other
RLI,RLI,RLI Corp. Common Stock (DE),False,False,other
RMD,RMD,ResMed Inc. Common Stock,False,False,other
RNG,RNG,"RingCentral, Inc. Class A Common Stock",False,False,other
RNR,RNR,RenaissanceRe Holdings Ltd. Common Stock,False,False,other
RNST,RNST,Renasant Corporation Common Stock,False,False,other
ROK,ROK,"Rockwell Automation, Inc. Common Stock",False,False,other
ROL,ROL,"Rollins, Inc. Common Stock",False,False,other
RPM,RPM,RPM International Inc. Common Stock,False,False,other
RRC,RRC,Range Resources Corporation Common Stock,False,False,other
RRX,RRX,Regal Rexnord Corporation Common Stock,False,False,other
RS,RS,"Reliance, Inc. Common Stock",False,False,other
RSG,RSG,"Republic Services, Inc. Common Stock",False,False,other
RSI,RSI,"Rush Street Interactive, Inc. Class A Common Stock",False,False,other
RTX,RTX,RTX Corporation Common Stock,False,False,other
RVTY,RVTY,"Revvity, Inc. Common Stock",False,False,other
RXO,RXO,"RXO, Inc. Common Stock",False,False,other
RY,RY,Royal Bank Of Canada Common Stock,False,False,other
RYAN,RYAN,"Ryan Specialty Holdings, Inc. Class A Common Stock",False,False,other
S,S,"SentinelOne, Inc. Class A Common Stock",False,False,other
SA,SA,"Seabridge Gold, Inc. Common Shares New",False,False,other
SARO,SARO,"StandardAero, Inc. Common Stock",False,False,other
SCCO,SCCO,Southern Copper Corporation Common Stock,False,False,other
SCHW,SCHW,Charles Schwab Corporation (The) Common Stock,False,False,other
SCI,SCI,Service Corporation International Common Stock,False,False,other
SDRL,SDRL,Seadrill Limited Common Shares,False,False,other
SEB,SEB,Seaboard Corporation Common Stock,False,False,other
SEI,SEI,"Solaris Energy Infrastructure, Inc. Class A Common Stock",False,False,other
SF,SF,Stifel Financial Corporation Common Stock,False,False,other
SFBS,SFBS,"ServisFirst Bancshares, Inc. Common Stock",False,False,other
